<?xml version="1.0" encoding="UTF-8" ?>

<!DOCTYPE texts SYSTEM "xtf.dtd">
<!-- This file is generated from ObtextCorpus. -->

<texts xmlns="http://emegir.info/xtf">
  <transliteration n="ABIM_25"
                   xml:id="ABIM_25"
                   xml:lang="sux"
                   xmlns="http://emegir.info/xtf"
                   xmlns:xtf="http://emegir.info/xtf"
                   xmlns:lem="http://emegir.info/lemma"
                   xmlns:etcsl="http://www-etcsl.orient.ox.ac.uk/etcsl"
                   xmlns:d="http://emegir.info/debug"
                   rws="asyl">
  <object xml:id="ABIM_25.1" type="tablet">
      <surface xml:id="ABIM_25.1.1" type="obverse">
        <column xml:id="ABIM_25.1.1.1" n="0">
         <l xml:id="ABIM_25.1.1.1.1" n="1">
            <atf>
            a-na &lt;DIŠ:&gt;a-pil-D:MAR.TU
            </atf>
          </l>
         <l xml:id="ABIM_25.1.1.1.2" n="2">
            <atf>
            a-ḫ[u-k]a [x x x] ka-tim / a-[na?] aš-ta-mi-tim
            </atf>
          </l>
         <l xml:id="ABIM_25.1.1.1.3" n="3">
            <atf>
            a-ḫ[u-k]a [x x x] ka-tim / a-[na?] aš-ta-mi-tim
            </atf>
          </l>
         <l xml:id="ABIM_25.1.1.1.4" n="4">
            <atf>
            um-ma &lt;DIŠ:&gt;ba-ḫa-tum-ma
            </atf>
          </l>
         <l xml:id="ABIM_25.1.1.1.5" n="5">
            <atf>
            D:UTU ù D:AMAR.UTU li-ba-al-li-ṭú-ka
            </atf>
          </l>
         <l xml:id="ABIM_25.1.1.1.6" n="6">
            <atf>
            še-um ša e-re-ši-ka 9 GUR el-qé-e
            </atf>
          </l>
         <l xml:id="ABIM_25.1.1.1.7" n="7">
            <atf>
            4 GUR a-ḫu-ka 5 GUR e-re-šum
            </atf>
          </l>
         <l xml:id="ABIM_25.1.1.1.8" n="8">
            <atf>
            il-qù-ú
            </atf>
          </l>
         <l xml:id="ABIM_25.1.1.1.9" n="9">
            <atf>
            2 i-ni-a-ti-ka 20 Š[E].GUR el-qé-e
            </atf>
          </l>
         <l xml:id="ABIM_25.1.1.1.10" n="10">
            <atf>
            i-na ṭú-bi-im 6 GUR ú-še-ṣi
            </atf>
          </l>
         <l xml:id="ABIM_25.1.1.1.11" n="11">
            <atf>
            14 ŠE.GUR ša-pí-il-tum
            </atf>
          </l>
         <l xml:id="ABIM_25.1.1.1.12" n="12">
            <atf>
            i-na li-b[i x-x ŠE].GUR É.GAL-im
            </atf>
          </l>
         <l xml:id="ABIM_25.1.1.1.13" n="13">
            <atf>
            i-na [x-x-x-x-x] 
            </atf>
          </l>

        </column>
      </surface>
      <surface xml:id="ABIM_25.1.2" type="left">
        <column xml:id="ABIM_25.1.2.1" n="0">
         <l xml:id="ABIM_25.1.2.1.1" n="1">
            <atf>
            2 1/2 GU[R x-x-x-x]
            </atf>
          </l>
         <l xml:id="ABIM_25.1.2.1.2" n="2">
            <atf>
            ši-i-[x?]-im [...] 
            </atf>
          </l>
         <l xml:id="ABIM_25.1.2.1.3" n="3">
            <atf>
            &lt;a-na&gt;? &lt;DIŠ:&gt;D:taš-me-tum-ki-ma-a-bi-ia ṭup-pa-tim // a-ša-ka-an
            </atf>
          </l>
         <l xml:id="ABIM_25.1.2.1.4" n="4">
            <atf>
            ṭe₄-em &lt;DIŠ:&gt;i-din-D:na-na-a a-na um-mi-šu šu-up-ra-am
            </atf>
          </l>

        </column>
      </surface>
      <surface xml:id="ABIM_25.1.3" type="reverse">
        <column xml:id="ABIM_25.1.3.1" n="0">
         <l xml:id="ABIM_25.1.3.1.1" n="1">
            <atf>
            1 4/5? ŠE.GUR a-na [x-x-x-x]
            </atf>
          </l>
         <l xml:id="ABIM_25.1.3.1.2" n="2">
            <atf>
            i-ti-ši-na n[i?-i]m?-[x]
            </atf>
          </l>
         <l xml:id="ABIM_25.1.3.1.3" n="3">
            <atf>
            a-[x-x]-a b[a?-x-x]
            </atf>
          </l>
         <l xml:id="ABIM_25.1.3.1.4" n="4">
            <atf>
            D:UTU [ù] D:AMAR.U[TU] i[a]-ta-am
            </atf>
          </l>
         <l xml:id="ABIM_25.1.3.1.5" n="5">
            <atf>
            ú ka-ta-am ni-ša-al
            </atf>
          </l>
         <l xml:id="ABIM_25.1.3.1.6" n="6">
            <atf>
            iš-t[u x t]u-ṣú-ú
            </atf>
          </l>
         <l xml:id="ABIM_25.1.3.1.7" n="7">
            <atf>
            A.ŠÀ-ka a-n[a a]-ḫi 2 e-re-ši-im
            </atf>
          </l>
         <l xml:id="ABIM_25.1.3.1.8" n="8">
            <atf>
            ta-na-di-in-ma
            </atf>
          </l>
         <l xml:id="ABIM_25.1.3.1.9" n="9">
            <atf>
            e-li ia-tam-ma ti-i-šu-[x]
            </atf>
          </l>
         <l xml:id="ABIM_25.1.3.1.10" n="10">
            <atf>
            aš-ta-ap-ra-kum ú-ra-am
            </atf>
          </l>
         <l xml:id="ABIM_25.1.3.1.11" n="11">
            <atf>
            še-ra-am
            </atf>
          </l>
         <l xml:id="ABIM_25.1.3.1.12" n="12">
            <atf>
            &lt;mi-im-ma&gt; e-li-ia la ta-ra-ši
            </atf>
          </l>
         <l xml:id="ABIM_25.1.3.1.13" n="13">
            <atf>
            i-ti-šu uš-ta-bi-i[l]
            </atf>
          </l>
         <l xml:id="ABIM_25.1.3.1.14" n="14">
            <atf>
            ù mi-ma šu-ú-ma 
            </atf>
          </l>

        </column>
      </surface>

    </object>
    
  </transliteration>  
  <transliteration n="Sumer_14_31"
                   xml:id="Sumer_14_31"
                   xml:lang="sux"
                   xmlns="http://emegir.info/xtf"
                   xmlns:xtf="http://emegir.info/xtf"
                   xmlns:lem="http://emegir.info/lemma"
                   xmlns:etcsl="http://www-etcsl.orient.ox.ac.uk/etcsl"
                   xmlns:d="http://emegir.info/debug"
                   rws="asyl">
  <object xml:id="Sumer_14_31.1" type="tablet">
      <surface xml:id="Sumer_14_31.1.1" type="obverse">
        <column xml:id="Sumer_14_31.1.1.1" n="0">
         <l xml:id="Sumer_14_31.1.1.1.1" n="1">
            <atf>
            a-na &lt;DIŠ:&gt;D:ŠEŠ.KI-MA.AN.SUM
            </atf>
          </l>
         <l xml:id="Sumer_14_31.1.1.1.2" n="2">
            <atf>
            qí-bí-ma
            </atf>
          </l>
         <l xml:id="Sumer_14_31.1.1.1.3" n="3">
            <atf>
            um-ma &lt;DIŠ:&gt;ar-du-um-[ma]
            </atf>
          </l>
         <l xml:id="Sumer_14_31.1.1.1.4" n="4">
            <atf>
            aš-šum i-si-iq-ti
            </atf>
          </l>
         <l xml:id="Sumer_14_31.1.1.1.5" n="5">
            <atf>
            É.GAL-l[im]
            </atf>
          </l>
         <l xml:id="Sumer_14_31.1.1.1.6" n="6">
            <atf>
            ša ša-na-su te-te-n[é]-ṣí-du
            </atf>
          </l>
         <l xml:id="Sumer_14_31.1.1.1.7" n="7">
            <atf>
            ṭup-pí ši-me-e-m[a]
            </atf>
          </l>
         <l xml:id="Sumer_14_31.1.1.1.8" n="8">
            <atf>
            ar-ḫi-iš qa-d[u]-um
            </atf>
          </l>
         <l xml:id="Sumer_14_31.1.1.1.9" n="9">
            <atf>
            ṣa-bi-ka 
            </atf>
          </l>

        </column>
      </surface>
      <surface xml:id="Sumer_14_31.1.2" type="left">
        <column xml:id="Sumer_14_31.1.2.1" n="0">
         <l xml:id="Sumer_14_31.1.2.1.1" n="1">
            <atf>
            uninscribed 
            </atf>
          </l>

        </column>
      </surface>
      <surface xml:id="Sumer_14_31.1.3" type="reverse">
        <column xml:id="Sumer_14_31.1.3.1" n="0">
         <l xml:id="Sumer_14_31.1.3.1.1" n="1">
            <atf>
            ú-ul ta-li-kam-ma
            </atf>
          </l>
         <l xml:id="Sumer_14_31.1.3.1.2" n="2">
            <atf>
            A.ŠÀ i-ma-qú-tu
            </atf>
          </l>
         <l xml:id="Sumer_14_31.1.3.1.3" n="3">
            <atf>
            10 IKU A.ŠÀ
            </atf>
          </l>
         <l xml:id="Sumer_14_31.1.3.1.4" n="4">
            <atf>
            1 (DIŠ) GUR še-a-am
            </atf>
          </l>
         <l xml:id="Sumer_14_31.1.3.1.5" n="5">
            <atf>
            ta-ma-da-ad
            </atf>
          </l>
         <l xml:id="Sumer_14_31.1.3.1.6" n="6">
            <atf>
            ù ka-ni-ki
            </atf>
          </l>
         <l xml:id="Sumer_14_31.1.3.1.7" n="7">
            <atf>
            a-na ši-bu-ut
            </atf>
          </l>
         <l xml:id="Sumer_14_31.1.3.1.8" n="8">
            <atf>
            a-wa-ti-ia
            </atf>
          </l>
         <l xml:id="Sumer_14_31.1.3.1.9" n="9">
            <atf>
            es-ra-am
            </atf>
          </l>

        </column>
      </surface>

    </object>
    
  </transliteration>  
  <transliteration n="AbB_4_164"
                   xml:id="AbB_4_164"
                   xml:lang="sux"
                   xmlns="http://emegir.info/xtf"
                   xmlns:xtf="http://emegir.info/xtf"
                   xmlns:lem="http://emegir.info/lemma"
                   xmlns:etcsl="http://www-etcsl.orient.ox.ac.uk/etcsl"
                   xmlns:d="http://emegir.info/debug"
                   rws="asyl">
  <object xml:id="AbB_4_164.1" type="tablet">
      <surface xml:id="AbB_4_164.1.1" type="obverse">
        <column xml:id="AbB_4_164.1.1.1" n="0">
         <l xml:id="AbB_4_164.1.1.1.1" n="1">
            <atf>
            [li-ba-a]l-li-iṭ-ku-[nu-ti]
            </atf>
          </l>

        </column>
      </surface>
      <surface xml:id="AbB_4_164.1.2" type="reverse">
        <column xml:id="AbB_4_164.1.2.1" n="0">
         <l xml:id="AbB_4_164.1.2.1.1" n="1">
            <atf>
            KÙ.[B]ABBAR šu-di-na-ni-im
            </atf>
          </l>

        </column>
      </surface>

    </object>
    
  </transliteration>  
  <transliteration n="AbB_13_182"
                   xml:id="AbB_13_182"
                   xml:lang="sux"
                   xmlns="http://emegir.info/xtf"
                   xmlns:xtf="http://emegir.info/xtf"
                   xmlns:lem="http://emegir.info/lemma"
                   xmlns:etcsl="http://www-etcsl.orient.ox.ac.uk/etcsl"
                   xmlns:d="http://emegir.info/debug"
                   rws="asyl">
  <object xml:id="AbB_13_182.1" type="tablet">
      <surface xml:id="AbB_13_182.1.1" type="obverse">
        <column xml:id="AbB_13_182.1.1.1" n="0">
         <l xml:id="AbB_13_182.1.1.1.1" n="1">
            <atf>
            BM 103983. (obv.)
            </atf>
          </l>
         <l xml:id="AbB_13_182.1.1.1.2" n="2">
            <atf>
            ⌈a⌉-na &lt;DIŠ:&gt;ì-lí-x a)[x x]
            </atf>
          </l>
         <l xml:id="AbB_13_182.1.1.1.3" n="3">
            <atf>
            qí-bí-[ma]
            </atf>
          </l>
         <l xml:id="AbB_13_182.1.1.1.4" n="4">
            <atf>
            um-ma &lt;DIŠ:&gt;D:EN.ZU-i-qí-ša-am-ma
            </atf>
          </l>
         <l xml:id="AbB_13_182.1.1.1.5" n="5">
            <atf>
            D:UTU ù D:AMAR.UTU li-ba-al-li-ṭú-ka
            </atf>
          </l>
         <l xml:id="AbB_13_182.1.1.1.6" n="6">
            <atf>
            DIŠ:DINGIR-D:MAR.TU x x
            </atf>
          </l>
         <l xml:id="AbB_13_182.1.1.1.7" n="7">
            <atf>
            a-na ma-aḫ-ri-ka aṭ-ṭar-dam
            </atf>
          </l>
         <l xml:id="AbB_13_182.1.1.1.8" n="8">
            <atf>
            ki-ma is-sà-[an-q]á-a[k-k]⌈u⌉m
            </atf>
          </l>
         <l xml:id="AbB_13_182.1.1.1.9" n="9">
            <atf>
            KÙ.BABBAR ITI [x x x o] 
            </atf>
          </l>

        </column>
      </surface>
      <surface xml:id="AbB_13_182.1.2" type="bottom">
        <column xml:id="AbB_13_182.1.2.1" n="0">
         <l xml:id="AbB_13_182.1.2.1.1" n="1">
            <atf>
            ša &lt;B:&gt;MÁ[Š].Š[U.GÍD.GÍD]
            </atf>
          </l>
         <l xml:id="AbB_13_182.1.2.1.2" n="2">
            <atf>
            [...] 
            </atf>
          </l>

        </column>
      </surface>
      <surface xml:id="AbB_13_182.1.3" type="reverse">
        <column xml:id="AbB_13_182.1.3.1" n="0">
         <l xml:id="AbB_13_182.1.3.1.1" n="1">
            <atf>
            x [...]
            </atf>
          </l>
         <l xml:id="AbB_13_182.1.3.1.2" n="2">
            <atf>
            i-di-iš-šu[m-ma]
            </atf>
          </l>
         <l xml:id="AbB_13_182.1.3.1.3" n="3">
            <atf>
            a-na ma-aḫ-ri-ia ṭú-⌈u⌉[r-d]⌈a⌉-š[⌈u⌉]
            </atf>
          </l>
         <l xml:id="AbB_13_182.1.3.1.4" n="4">
            <atf>
            &lt;B:&gt;MÁŠ.ŠU.GÍD.GÍD
            </atf>
          </l>
         <l xml:id="AbB_13_182.1.3.1.5" n="5">
            <atf>
            la ú-da-ab-ba-ba-an-ni
            </atf>
          </l>

        </column>
      </surface>

    </object>
    
  </transliteration>  
  <transliteration n="UF_23_Al_T_322"
                   xml:id="UF_23_Al_T_322"
                   xml:lang="sux"
                   xmlns="http://emegir.info/xtf"
                   xmlns:xtf="http://emegir.info/xtf"
                   xmlns:lem="http://emegir.info/lemma"
                   xmlns:etcsl="http://www-etcsl.orient.ox.ac.uk/etcsl"
                   xmlns:d="http://emegir.info/debug"
                   rws="asyl">
  <object xml:id="UF_23_Al_T_322.1" type="tablet">
      <surface xml:id="UF_23_Al_T_322.1.1" type="obverse">
        <column xml:id="UF_23_Al_T_322.1.1.1" n="0">
         <l xml:id="UF_23_Al_T_322.1.1.1.1" n="1">
            <atf>
            2 li-im 7 me 1 šu-ši
            </atf>
          </l>
         <l xml:id="UF_23_Al_T_322.1.1.1.2" n="2">
            <atf>
            8 DUG.ḪI.A Ì.GIŠ
            </atf>
          </l>
         <l xml:id="UF_23_Al_T_322.1.1.1.3" n="3">
            <atf>
            ŠE.BA &lt;ON:&gt;URU:mu-ra-ar:KI
            </atf>
          </l>
         <l xml:id="UF_23_Al_T_322.1.1.1.4" n="4">
            <atf>
            UGU LÚ.MEŠ.ŠU.GI₄
            </atf>
          </l>
         <l xml:id="UF_23_Al_T_322.1.1.1.5" n="5">
            <atf>
            qa-ti ŠU.TI.A
            </atf>
          </l>

        </column>
      </surface>
      <surface xml:id="UF_23_Al_T_322.1.2" type="reverse">
        <column xml:id="UF_23_Al_T_322.1.2.1" n="0">
         <l xml:id="UF_23_Al_T_322.1.2.1.1" n="1">
            <atf>
            DIŠ:ni-iq-ma
            </atf>
          </l>
         <l xml:id="UF_23_Al_T_322.1.2.1.2" n="2">
            <atf>
            DIŠ:li-ma-a-du
            </atf>
          </l>
         <l xml:id="UF_23_Al_T_322.1.2.1.3" n="3">
            <atf>
            DIŠ:ni-nu-me-ne
            </atf>
          </l>
         <l xml:id="UF_23_Al_T_322.1.2.1.4" n="4">
            <atf>
            ù &lt;DIŠ:&gt;šu-mi-da-ar-ru
            </atf>
          </l>
         <l xml:id="UF_23_Al_T_322.1.2.1.5" n="5">
            <atf>
            i-na ŠÀ.BA 1 šu-ši 8 DUG.ḪI.A
            </atf>
          </l>
         <l xml:id="UF_23_Al_T_322.1.2.1.6" n="6">
            <atf>
            Ì.GIŠ TIL
            </atf>
          </l>

        </column>
      </surface>

    </object>
    
  </transliteration>  
  <transliteration n="ARM_10_35"
                   xml:id="ARM_10_35"
                   xml:lang="sux"
                   xmlns="http://emegir.info/xtf"
                   xmlns:xtf="http://emegir.info/xtf"
                   xmlns:lem="http://emegir.info/lemma"
                   xmlns:etcsl="http://www-etcsl.orient.ox.ac.uk/etcsl"
                   xmlns:d="http://emegir.info/debug"
                   rws="asyl">
  <object xml:id="ARM_10_35.1" type="tablet">
      <surface xml:id="ARM_10_35.1.1" type="obverse">
        <column xml:id="ARM_10_35.1.1.1" n="0">
         <l xml:id="ARM_10_35.1.1.1.1" n="1">
            <atf>
            a-[na ka-ka-bi]-ia ù a-bi-ia
            </atf>
          </l>
         <l xml:id="ARM_10_35.1.1.1.2" n="2">
            <atf>
            qí-[bí]-ma
            </atf>
          </l>
         <l xml:id="ARM_10_35.1.1.1.3" n="3">
            <atf>
            um-ma [&lt;DIŠ:&gt;MUNUS:]ki-ru-ú-ma
            </atf>
          </l>
         <l xml:id="ARM_10_35.1.1.1.4" n="4">
            <atf>
            ma-ra-at-[k]a-a-ma
            </atf>
          </l>
         <l xml:id="ARM_10_35.1.1.1.5" n="5">
            <atf>
            a-wa-ti ka-la-še-na
            </atf>
          </l>
         <l xml:id="ARM_10_35.1.1.1.6" n="6">
            <atf>
            DIŠ:ia-ri-im-D:da-gan
            </atf>
          </l>
         <l xml:id="ARM_10_35.1.1.1.7" n="7">
            <atf>
            li-id-bu-ub
            </atf>
          </l>
         <l xml:id="ARM_10_35.1.1.1.8" n="8">
            <atf>
            ù be-lí a-na a-wa-ti
            </atf>
          </l>
         <l xml:id="ARM_10_35.1.1.1.9" n="9">
            <atf>
            li-qú-ul
            </atf>
          </l>
         <l xml:id="ARM_10_35.1.1.1.10" n="10">
            <atf>
            ša-ni-tam aš-šum be-lí
            </atf>
          </l>
         <l xml:id="ARM_10_35.1.1.1.11" n="11">
            <atf>
            ù aš-šum-mi-ma 
            </atf>
          </l>

        </column>
      </surface>
      <surface xml:id="ARM_10_35.1.2" type="reverse">
        <column xml:id="ARM_10_35.1.2.1" n="0">
         <l xml:id="ARM_10_35.1.2.1.1" n="1">
            <atf>
            DIŠ:ti-im-ri-ḫa-am-mu
            </atf>
          </l>
         <l xml:id="ARM_10_35.1.2.1.2" n="2">
            <atf>
            i-du-uk um-ma šu-nu-ma
            </atf>
          </l>
         <l xml:id="ARM_10_35.1.2.1.3" n="3">
            <atf>
            ni-šu-um i-tu-uk-šu
            </atf>
          </l>
         <l xml:id="ARM_10_35.1.2.1.4" n="4">
            <atf>
            ù 2 MUNUS.MEŠ i-tu-uk
            </atf>
          </l>
         <l xml:id="ARM_10_35.1.2.1.5" n="5">
            <atf>
            be-lí an-ni-tim a-wa-tim
            </atf>
          </l>
         <l xml:id="ARM_10_35.1.2.1.6" n="6">
            <atf>
            li-iš-mi-ma
            </atf>
          </l>
         <l xml:id="ARM_10_35.1.2.1.7" n="7">
            <atf>
            ù me-ḫi-ir ṭup-pí-ia
            </atf>
          </l>
         <l xml:id="ARM_10_35.1.2.1.8" n="8">
            <atf>
            li-ša-bi-lim
            </atf>
          </l>

        </column>
      </surface>

    </object>
    
  </transliteration>  
  <transliteration n="AbB_13_135"
                   xml:id="AbB_13_135"
                   xml:lang="sux"
                   xmlns="http://emegir.info/xtf"
                   xmlns:xtf="http://emegir.info/xtf"
                   xmlns:lem="http://emegir.info/lemma"
                   xmlns:etcsl="http://www-etcsl.orient.ox.ac.uk/etcsl"
                   xmlns:d="http://emegir.info/debug"
                   rws="asyl">
  <object xml:id="AbB_13_135.1" type="tablet">
      <surface xml:id="AbB_13_135.1.1" type="obverse">
        <column xml:id="AbB_13_135.1.1.1" n="0">
         <l xml:id="AbB_13_135.1.1.1.1" n="1">
            <atf>
            BM 88479. (obv.)
            </atf>
          </l>
         <l xml:id="AbB_13_135.1.1.1.2" n="2">
            <atf>
            a-na &lt;DIŠ:&gt;ì-lí-tu-ra-am
            </atf>
          </l>
         <l xml:id="AbB_13_135.1.1.1.3" n="3">
            <atf>
            qí-bí-ma
            </atf>
          </l>
         <l xml:id="AbB_13_135.1.1.1.4" n="4">
            <atf>
            um-ma &lt;DIŠ:&gt;li-pí-it-IŠTAR
            </atf>
          </l>
         <l xml:id="AbB_13_135.1.1.1.5" n="5">
            <atf>
            D:UTU li-ba-li-[⌈i⌉]ṭ-[ka]
            </atf>
          </l>
         <l xml:id="AbB_13_135.1.1.1.6" n="6">
            <atf>
            iq-bu-nim-[m]⌈a⌉
            </atf>
          </l>
         <l xml:id="AbB_13_135.1.1.1.7" n="7">
            <atf>
            aḫ-[d]u ki-⌈i⌉-ma
            </atf>
          </l>
         <l xml:id="AbB_13_135.1.1.1.8" n="8">
            <atf>
            a-na-ku-ú al-li-ku
            </atf>
          </l>
         <l xml:id="AbB_13_135.1.1.1.9" n="9">
            <atf>
            te-pu-uš
            </atf>
          </l>
         <l xml:id="AbB_13_135.1.1.1.10" n="10">
            <atf>
            ki-i-ma tu-ba-li-ṭá-an-[ni]
            </atf>
          </l>
         <l xml:id="AbB_13_135.1.1.1.11" n="11">
            <atf>
            šu-ur-di-i-ma 
            </atf>
          </l>

        </column>
      </surface>
      <surface xml:id="AbB_13_135.1.2" type="reverse">
        <column xml:id="AbB_13_135.1.2.1" n="0">
         <l xml:id="AbB_13_135.1.2.1.1" n="1">
            <atf>
            [x x x o]-ba-ad
            </atf>
          </l>
         <l xml:id="AbB_13_135.1.2.1.2" n="2">
            <atf>
            [...] x x x
            </atf>
          </l>
         <l xml:id="AbB_13_135.1.2.1.3" n="3">
            <atf>
            [...] x
            </atf>
          </l>
         <l xml:id="AbB_13_135.1.2.1.4" n="4">
            <atf>
            [...]-ni-im
            </atf>
          </l>
         <l xml:id="AbB_13_135.1.2.1.5" n="5">
            <atf>
            [...](-)x-ba-bu 
            </atf>
          </l>

         </column>
      </surface>
      <surface xml:id="AbB_13_135.1.3" type="reverse">
        <column xml:id="AbB_13_135.1.3.1" n="0">
         <l xml:id="AbB_13_135.1.3.1.1" n="6">
            <atf>
            t[u]-te-[e]r
            </atf>
          </l>

        </column>
      </surface>

    </object>
    
  </transliteration>  
  <transliteration n="AbB_13_171"
                   xml:id="AbB_13_171"
                   xml:lang="sux"
                   xmlns="http://emegir.info/xtf"
                   xmlns:xtf="http://emegir.info/xtf"
                   xmlns:lem="http://emegir.info/lemma"
                   xmlns:etcsl="http://www-etcsl.orient.ox.ac.uk/etcsl"
                   xmlns:d="http://emegir.info/debug"
                   rws="asyl">
  <object xml:id="AbB_13_171.1" type="tablet">
      <surface xml:id="AbB_13_171.1.1" type="obverse">
        <column xml:id="AbB_13_171.1.1.1" n="0">
         <l xml:id="AbB_13_171.1.1.1.1" n="1">
            <atf>
            BM 103879. (obv.)
            </atf>
          </l>
         <l xml:id="AbB_13_171.1.1.1.2" n="2">
            <atf>
            a-n[a ...]x x x D:AMAR.UTU
            </atf>
          </l>
         <l xml:id="AbB_13_171.1.1.1.3" n="3">
            <atf>
            qí-[b]í-ma
            </atf>
          </l>
         <l xml:id="AbB_13_171.1.1.1.4" n="4">
            <atf>
            u[m-m]a x[x x x]-ma
            </atf>
          </l>
         <l xml:id="AbB_13_171.1.1.1.5" n="5">
            <atf>
            [x] x x aš-tap-ra-ak-kum
            </atf>
          </l>
         <l xml:id="AbB_13_171.1.1.1.6" n="6">
            <atf>
            0,4 ZÌ.DA 5 pí-ḫu KAŠ ul-li-a-am-ma
            </atf>
          </l>
         <l xml:id="AbB_13_171.1.1.1.7" n="7">
            <atf>
            ù i-si-im-ma-na-a-am
            </atf>
          </l>
         <l xml:id="AbB_13_171.1.1.1.8" n="8">
            <atf>
            ša 30 [GÍN K]Ù.BABBAR li-qé-a-am
            </atf>
          </l>
         <l xml:id="AbB_13_171.1.1.1.9" n="9">
            <atf>
            ⌈a⌉-[n]⌈a⌉ ma-aḫ-ri-i[⌈a⌉ ⌈a⌉]l-kam
            </atf>
          </l>
         <l xml:id="AbB_13_171.1.1.1.10" n="10">
            <atf>
            3 GÍN KÙ.[BAB]BAR i-na qá-[t]⌈i⌉ L]⌈Ú⌉ &lt;B:&gt;ŠU.I
            </atf>
          </l>
         <l xml:id="AbB_13_171.1.1.1.11" n="11">
            <atf>
            ki-ma pa-ni-ka
            </atf>
          </l>
         <l xml:id="AbB_13_171.1.1.1.12" n="12">
            <atf>
            li-qé-a-am-ma
            </atf>
          </l>

        </column>
      </surface>
      <surface xml:id="AbB_13_171.1.2" type="reverse">
        <column xml:id="AbB_13_171.1.2.1" n="0">
         <l xml:id="AbB_13_171.1.2.1.1" n="1">
            <atf>
            ar-ḫi-iš at-la-kam 
            </atf>
          </l>

        </column>
      </surface>

    </object>
    
  </transliteration>  
  <transliteration n="AbB_3_35"
                   xml:id="AbB_3_35"
                   xml:lang="sux"
                   xmlns="http://emegir.info/xtf"
                   xmlns:xtf="http://emegir.info/xtf"
                   xmlns:lem="http://emegir.info/lemma"
                   xmlns:etcsl="http://www-etcsl.orient.ox.ac.uk/etcsl"
                   xmlns:d="http://emegir.info/debug"
                   rws="asyl">
  <object xml:id="AbB_3_35.1" type="tablet">
      <surface xml:id="AbB_3_35.1.1" type="obverse">
        <column xml:id="AbB_3_35.1.1.1" n="0">
         <l xml:id="AbB_3_35.1.1.1.1" n="1">
            <atf>
            [a-na] &lt;DIŠ:&gt;i-[n]i-ib[-ši-na ù &lt;DIŠ:&gt;LÚ-D:NIN.SI₄.AN.NA]
            </atf>
          </l>
         <l xml:id="AbB_3_35.1.1.1.2" n="2">
            <atf>
            [q]í-[bí]-ma
            </atf>
          </l>
         <l xml:id="AbB_3_35.1.1.1.3" n="3">
            <atf>
            [u]m-ma &lt;DIŠ:&gt;be-el-šu-nu-ma
            </atf>
          </l>
         <l xml:id="AbB_3_35.1.1.1.4" n="4">
            <atf>
            D:UTU ù D:AMAR.UTU da-ri-iš [u]₄-mi li-b[a-li-ṭú-ku-n]u-ti
            </atf>
          </l>
         <l xml:id="AbB_3_35.1.1.1.5" n="5">
            <atf>
            lu-ú ša-a[l-m]a-tu-[nu]
            </atf>
          </l>
         <l xml:id="AbB_3_35.1.1.1.6" n="6">
            <atf>
            aš-šum a-la-ak-ta-ku-n[u] ú-uḫ-ḫ[i-r]a[-a]m
            </atf>
          </l>
         <l xml:id="AbB_3_35.1.1.1.7" n="7">
            <atf>
            a-di DIŠ:a-wi-li-ia a-m[u]-ru a-n[a x-x-x] É
            </atf>
          </l>
         <l xml:id="AbB_3_35.1.1.1.8" n="8">
            <atf>
            ma-di-iš aq-qú-ud a-la-a[k-t]um
            </atf>
          </l>
         <l xml:id="AbB_3_35.1.1.1.9" n="9">
            <atf>
            a-na ma-ḫar DIŠ:ku-ku-ú sa-ad-ra-am!&lt;at&gt;
            </atf>
          </l>
         <l xml:id="AbB_3_35.1.1.1.10" n="10">
            <atf>
            ṭe₄-em-ku-nu u₄-mi-ša-[am] lu-ú s[⌈a⌉]-⌈a⌉[d-ra-am]
            </atf>
          </l>
         <l xml:id="AbB_3_35.1.1.1.11" n="11">
            <atf>
            iš-tu i-na-an-na [U]₄.[x+]2.KAM DIŠ:a-wi-[l]i-i[a]
            </atf>
          </l>
         <l xml:id="AbB_3_35.1.1.1.12" n="12">
            <atf>
            ma-aḫ-ri-ku-nu šu-ú [ṭe]₄-mi ga-am-ra-am na-ši-⌈i⌉
            </atf>
          </l>
         <l xml:id="AbB_3_35.1.1.1.13" n="13">
            <atf>
            aš-šum e-pí-ri-ki ṭup-pí a-na &lt;DIŠ:&gt;ku-ku-ú uš-ta-bi-i[l]
            </atf>
          </l>
         <l xml:id="AbB_3_35.1.1.1.14" n="14">
            <atf>
            ù at-ti qí-bi-šum-ma a-[n]a &lt;DIŠ:&gt;nu-úr-ì-lí-šu
            </atf>
          </l>
         <l xml:id="AbB_3_35.1.1.1.15" n="15">
            <atf>
            l[i-i]q-bi-ma DIŠ:nu-ú[r]-ì-lí-šu ṭup-pí šar-ri-im
            </atf>
          </l>
         <l xml:id="AbB_3_35.1.1.1.16" n="16">
            <atf>
            ša ⌈e⌉-pí-ri-ki li-il-qí-a-am-ma
            </atf>
          </l>
         <l xml:id="AbB_3_35.1.1.1.17" n="17">
            <atf>
            ma-aḫ-ri-ki lu-ú ša-ki-in
            </atf>
          </l>
         <l xml:id="AbB_3_35.1.1.1.18" n="18">
            <atf>
            ⌈ù⌉ ṭup-pu-um š[a] ta-al-qí-a[-x-o]
            </atf>
          </l>
         <l xml:id="AbB_3_35.1.1.1.19" n="19">
            <atf>
            [li-ša-ap-]ra-am-[ma] li-in[-x-x-x]
            </atf>
          </l>
         <l xml:id="AbB_3_35.1.1.1.20" n="20">
            <atf>
            [...]
            </atf>
          </l>
         <l xml:id="AbB_3_35.1.1.1.21" n="21">
            <atf>
            [...]
            </atf>
          </l>
         <l xml:id="AbB_3_35.1.1.1.22" n="22">
            <atf>
            ⌈a⌉[-n]a É:ku-nu-ki li-te-er-bu-n⌈i⌉[-...]
            </atf>
          </l>
         <l xml:id="AbB_3_35.1.1.1.23" n="23">
            <atf>
            i-na pa-ni ša-at-tim MÁ.U₅ li[-x-x-o-]im
            </atf>
          </l>
         <l xml:id="AbB_3_35.1.1.1.24" n="24">
            <atf>
            a-di-[i]š-[š]um-ma ku-uš-ra-am i-šu-⌈ú⌉
            </atf>
          </l>
         <l xml:id="AbB_3_35.1.1.1.25" n="25">
            <atf>
            ku-šu-ur-ša li-na-ki-ir-ma MÁ la ⌈i⌉-[m]⌈a⌉-at
            </atf>
          </l>
         <l xml:id="AbB_3_35.1.1.1.26" n="26">
            <atf>
            ni-di a-ḫi-im ta-ra-aš-ši-a-ši-im-ma
            </atf>
          </l>
         <l xml:id="AbB_3_35.1.1.1.27" n="27">
            <atf>
            šum-ma MÁ ši-i im-tu-ut ḫa-mu-tam-ma-a
            </atf>
          </l>
         <l xml:id="AbB_3_35.1.1.1.28" n="28">
            <atf>
            ša ki-ma š⌈a⌉-a-ti ni-ir-ti-ib
            </atf>
          </l>
         <l xml:id="AbB_3_35.1.1.1.29" n="29">
            <atf>
            aš-šum KIRI₆ ki-a-am iq-bu-nim
            </atf>
          </l>
         <l xml:id="AbB_3_35.1.1.1.30" n="30">
            <atf>
            um-ma-mi DIŠ:ì-lí-im-gur-an-ni i-ṣa-ba-at[-sú]
            </atf>
          </l>
         <l xml:id="AbB_3_35.1.1.1.31" n="31">
            <atf>
            a-wa-tum an-ni-tum a-na še-me-e DINGIR ù LÚ
            </atf>
          </l>
         <l xml:id="AbB_3_35.1.1.1.32" n="32">
            <atf>
            i-re-ed-du-[⌈ú⌉]
            </atf>
          </l>
         <l xml:id="AbB_3_35.1.1.1.33" n="33">
            <atf>
            a-na-ku an-ni-ki-a-am i-na pu-ḫ[u-ur a-lim]
            </atf>
          </l>
         <l xml:id="AbB_3_35.1.1.1.34" n="34">
            <atf>
            GIŠ:GU.ZA-i na-di-a[-ku]
            </atf>
          </l>
         <l xml:id="AbB_3_35.1.1.1.35" n="35">
            <atf>
            ki-a-am iq-qá-ab-bi um[-ma-mi x-x-x-o -b]i-it
            </atf>
          </l>
         <l xml:id="AbB_3_35.1.1.1.36" n="36">
            <atf>
            ma-di-iš qá-qá-di tu-[ka-a]b-b[i-ta-ma
            </atf>
          </l>
         <l xml:id="AbB_3_35.1.1.1.37" n="37">
            <atf>
            KIRI₆ a-na &lt;B:&gt;LÚ:ša-ki-n[i ša] i-in-ku-nu m[a-aḫ-]ru
            </atf>
          </l>
         <l xml:id="AbB_3_35.1.1.1.38" n="38">
            <atf>
            ša-da-aq-di-im KIRI₆ ⌈a⌉[-n]a &lt;DIŠ:&gt;a-pil-ku-bi [o]
            </atf>
          </l>
         <l xml:id="AbB_3_35.1.1.1.39" n="39">
            <atf>
            [x-x-x]-in šu-ú il-qé-e-ma
            </atf>
          </l>
         <l xml:id="AbB_3_35.1.1.1.40" n="40">
            <atf>
            [x-x-x-o a-n]a ia-ši-im id-di-nam
            </atf>
          </l>
         <l xml:id="AbB_3_35.1.1.1.41" n="41">
            <atf>
            []
            </atf>
          </l>

        </column>
      </surface>

    </object>
    
  </transliteration>  
  <transliteration n="AbB_1_138"
                   xml:id="AbB_1_138"
                   xml:lang="sux"
                   xmlns="http://emegir.info/xtf"
                   xmlns:xtf="http://emegir.info/xtf"
                   xmlns:lem="http://emegir.info/lemma"
                   xmlns:etcsl="http://www-etcsl.orient.ox.ac.uk/etcsl"
                   xmlns:d="http://emegir.info/debug"
                   rws="asyl">
  <object xml:id="AbB_1_138.1" type="tablet">
      <surface xml:id="AbB_1_138.1.1" type="obverse">
        <column xml:id="AbB_1_138.1.1.1" n="0">
         <l xml:id="AbB_1_138.1.1.1.1" n="1">
            <atf>
            a-na [x-x-x-x-x-x]
            </atf>
          </l>
         <l xml:id="AbB_1_138.1.1.1.2" n="2">
            <atf>
            [q]í-b[í]-m[a]
            </atf>
          </l>
         <l xml:id="AbB_1_138.1.1.1.3" n="3">
            <atf>
            [u]m-ma [x-x-x-...-ma]
            </atf>
          </l>
         <l xml:id="AbB_1_138.1.1.1.4" n="4">
            <atf>
            be-lí ù be-[⌈e⌉]l-ti aš-[šu-mi-ia]
            </atf>
          </l>
         <l xml:id="AbB_1_138.1.1.1.5" n="5">
            <atf>
            da-ri-iš u₄-mi li-[ba-al-li-ṭú-ka]
            </atf>
          </l>
         <l xml:id="AbB_1_138.1.1.1.6" n="6">
            <atf>
            an-nu-ú ša t[⌈e⌉-t]⌈e⌉-⌈e⌉[p-šu ...]
            </atf>
          </l>
         <l xml:id="AbB_1_138.1.1.1.7" n="7">
            <atf>
            a-na-ku ù at-ta [...]
            </atf>
          </l>
         <l xml:id="AbB_1_138.1.1.1.8" n="8">
            <atf>
            ù ú-na-aḫ-[...]
            </atf>
          </l>
         <l xml:id="AbB_1_138.1.1.1.9" n="9">
            <atf>
            um-ma a-na-ku-ma [x-x-...]
            </atf>
          </l>
         <l xml:id="AbB_1_138.1.1.1.10" n="10">
            <atf>
            ki-ma ta-at-ta [x-...]
            </atf>
          </l>
         <l xml:id="AbB_1_138.1.1.1.11" n="11">
            <atf>
            uz-ni [x-x-x-x-...]
            </atf>
          </l>
         <l xml:id="AbB_1_138.1.1.1.12" n="12">
            <atf>
            a-na la [x-x-x-x-x-...]
            </atf>
          </l>
         <l xml:id="AbB_1_138.1.1.1.13" n="13">
            <atf>
            ù ia-t[i x-x-x-x-x-...]
            </atf>
          </l>
         <l xml:id="AbB_1_138.1.1.1.14" n="14">
            <atf>
            ša la [x-x-x-x-...]
            </atf>
          </l>
         <l xml:id="AbB_1_138.1.1.1.15" n="15">
            <atf>
            še-am tu-še [x-...]
            </atf>
          </l>
         <l xml:id="AbB_1_138.1.1.1.16" n="16">
            <atf>
            ki-[x]-AD?-li-[x-...]
            </atf>
          </l>
         <l xml:id="AbB_1_138.1.1.1.17" n="17">
            <atf>
            a-na pa-ni-ia [x-...]
            </atf>
          </l>
         <l xml:id="AbB_1_138.1.1.1.18" n="18">
            <atf>
            i-na qá-ti-ia GÁ.GI₄.A:KI
            </atf>
          </l>
         <l xml:id="AbB_1_138.1.1.1.19" n="19">
            <atf>
            l[i]-mu-ur [o]
            </atf>
          </l>
         <l xml:id="AbB_1_138.1.1.1.20" n="20">
            <atf>
            ša su-ni me-ḫi-ir-ti-ši-na
            </atf>
          </l>
         <l xml:id="AbB_1_138.1.1.1.21" n="21">
            <atf>
            ú-ba-aḫ-a-ma
            </atf>
          </l>
         <l xml:id="AbB_1_138.1.1.1.22" n="22">
            <atf>
            ⌈a⌉-[n]⌈a⌉ pa-ni ap-pí-ši-na iz-za-az
            </atf>
          </l>
         <l xml:id="AbB_1_138.1.1.1.23" n="23">
            <atf>
            at-ta KÙ.BABBAR te-el-qé-e-ma
            </atf>
          </l>
         <l xml:id="AbB_1_138.1.1.1.24" n="24">
            <atf>
            ta-at-ta-la-ak-ki
            </atf>
          </l>
         <l xml:id="AbB_1_138.1.1.1.25" n="25">
            <atf>
            ia-ti a-na bu-uz-zu-i-im
            </atf>
          </l>
         <l xml:id="AbB_1_138.1.1.1.26" n="26">
            <atf>
            i-na qá-ab-li-[a]-at &lt;ON:&gt;GÁ.GI₄.A:KI
            </atf>
          </l>
         <l xml:id="AbB_1_138.1.1.1.27" n="27">
            <atf>
            ta-at-ta-ad-na-an-ni
            </atf>
          </l>
         <l xml:id="AbB_1_138.1.1.1.28" n="28">
            <atf>
            i-na 8 GÍN KÙ.BABBAR 1 2/3 GÍN KÙ.BABBAR
            </atf>
          </l>
         <l xml:id="AbB_1_138.1.1.1.29" n="29">
            <atf>
            tu-ša-bi-lam
            </atf>
          </l>
         <l xml:id="AbB_1_138.1.1.1.30" n="30">
            <atf>
            ki ia-ti a-aṣ-ṣe-er la ŠUKU [x]
            </atf>
          </l>
         <l xml:id="AbB_1_138.1.1.1.31" n="31">
            <atf>
            la SÍG.BA ù la Ì.BA [...]
            </atf>
          </l>
         <l xml:id="AbB_1_138.1.1.1.32" n="32">
            <atf>
            ù a-na bu-uz-zu-⌈i⌉-[im]
            </atf>
          </l>
         <l xml:id="AbB_1_138.1.1.1.33" n="33">
            <atf>
            ta-na-di-[...]
            </atf>
          </l>
         <l xml:id="AbB_1_138.1.1.1.34" n="34">
            <atf>
            i-na-an-na &lt;DIŠ:&gt;e-ṭi-rum aš-tap-r[a]-a[k-...]
            </atf>
          </l>
         <l xml:id="AbB_1_138.1.1.1.35" n="35">
            <atf>
            a-na ma-li ša i-na qá-ti-k[⌈a⌉]
            </atf>
          </l>
         <l xml:id="AbB_1_138.1.1.1.36" n="36">
            <atf>
            i-ba-aš-šu-[ú]
            </atf>
          </l>
         <l xml:id="AbB_1_138.1.1.1.37" n="37">
            <atf>
            lu-ú še-am lu-ú KÙ.B[ABBAR o]
            </atf>
          </l>
         <l xml:id="AbB_1_138.1.1.1.38" n="38">
            <atf>
            šu-[b]i-lam-ma
            </atf>
          </l>
         <l xml:id="AbB_1_138.1.1.1.39" n="39">
            <atf>
            a-wi-il-tam lu-ni-iḫ-ḫi ù me-ḫi-ir ṭup-pí-ia
            </atf>
          </l>
         <l xml:id="AbB_1_138.1.1.1.40" n="40">
            <atf>
            šu-bi-lam
            </atf>
          </l>

        </column>
      </surface>

    </object>
    
  </transliteration>
</texts>
